"doi","article_id","title","year","pdf_file","xml_file","pdf_exists","xml_exists","in_rds","grobid_version","conversion_date","license"
"10.1162/opmi_a_00011","opmia00011","So Good It Has to Be True: Wishful Thinking in Theory of Mind",2017,"pdf/openmind.opmia00011.pdf","xml/openmind.opmia00011.xml",TRUE,TRUE,TRUE,"0.9","2026-06-21","CC-BY 4.0"
"10.1162/opmi_a_00078","opmia00078","The Development of Relational Reasoning: An Eyetracking Analysis of Strategy Use and Adaptation in Children and Adults Performing Matrix Completion",2023,"pdf/openmind.opmia00078.pdf","xml/openmind.opmia00078.xml",TRUE,TRUE,TRUE,"0.9","2026-06-21","CC-BY 4.0"
"10.1162/opmi.a.332","opmia332","Quantifying Epistemic Relevance",2026,"pdf/openmind.opmia332.pdf","xml/openmind.opmia332.xml",TRUE,TRUE,TRUE,"0.9","2026-06-21","CC-BY 4.0"
"10.1162/opmi.a.12","opmia12","Seeking New Information With Old Questions: Children and Adults Reuse and Recombine Concepts From Prior Questions",2025,"pdf/openmind.opmia12.pdf","xml/openmind.opmia12.xml",TRUE,TRUE,TRUE,"0.9","2026-06-21","CC-BY 4.0"
"10.1162/opmi_a_00172","opmia00172","Word Repetition and Isolation are Intertwined in Children’s Early Language Experiences",2024,"pdf/openmind.opmia00172.pdf","xml/openmind.opmia00172.xml",TRUE,TRUE,TRUE,"0.9","2026-06-21","CC-BY 4.0"
"10.1162/opmi_a_00129","opmia00129","Toddlers Prefer Agents Who Help Those Facing Harder
                    Tasks",2024,"pdf/openmind.opmia00129.pdf","xml/openmind.opmia00129.xml",TRUE,TRUE,TRUE,"0.9","2026-06-21","CC-BY 4.0"
"10.1162/opmi.a.21","opmia21","Issues of Generalization From Unreliable or Unrepresentative Stimuli: Broad Lessons From Lexical Ambiguity",2025,"pdf/openmind.opmia21.pdf","xml/openmind.opmia21.xml",TRUE,TRUE,TRUE,"0.9","2026-06-21","CC-BY 4.0"
"10.1162/opmi_a_00114","opmia00114","Direct and Observed Joint Attention Modulate 9-Month-Old Infants’ Object Encoding",2023,"pdf/openmind.opmia00114.pdf","xml/openmind.opmia00114.xml",TRUE,TRUE,TRUE,"0.9","2026-06-21","CC-BY 4.0"
"10.1162/opmi.a.357","opmia357","Expectations of Reciprocal Generosity Are Specific to Equal Relationships",2026,"pdf/openmind.opmia357.pdf","xml/openmind.opmia357.xml",TRUE,TRUE,TRUE,"0.9","2026-06-21","CC-BY 4.0"
"10.1162/opmi.a.17","opmia17","Already Perfect: Language Users Access the Pragmatic Meanings of Conditionals First",2025,"pdf/openmind.opmia17.pdf","xml/openmind.opmia17.xml",TRUE,TRUE,TRUE,"0.9","2026-06-21","CC-BY 4.0"
"10.1162/opmi_a_00180","opmia00180","Beliefs About the Speaker’s Reasoning Ability Influence Pragmatic Interpretation: Children and Adults as Speakers",2025,"pdf/openmind.opmia00180.pdf","xml/openmind.opmia00180.xml",TRUE,TRUE,TRUE,"0.9","2026-06-21","CC-BY 4.0"
"10.1162/opmi_a_00041","opmia00041","Does Local Coherence Lead to Targeted Regressions and Illusions of Grammaticality?",2021,"pdf/openmind.opmia00041.pdf","xml/openmind.opmia00041.xml",TRUE,TRUE,TRUE,"0.9","2026-06-21","CC-BY 4.0"
"10.1162/opmi_a_00049","opmia00049","Infants Learn to Follow Gaze in Stages: Evidence Confirming a Robotic Prediction",2021,"pdf/openmind.opmia00049.pdf","xml/openmind.opmia00049.xml",TRUE,TRUE,TRUE,"0.9","2026-06-21","CC-BY 4.0"
"10.1162/opmi_a_00071","opmia00071","Grammatical Perspective-Taking in Comprehension and Production",2023,"pdf/openmind.opmia00071.pdf","xml/openmind.opmia00071.xml",TRUE,TRUE,TRUE,"0.9","2026-06-21","CC-BY 4.0"
"10.1162/opmi_a_00126","opmia00126","A Deep Learning Approach to Analyzing Continuous-Time Cognitive Processes",2024,"pdf/openmind.opmia00126.pdf","xml/openmind.opmia00126.xml",TRUE,TRUE,TRUE,"0.9","2026-06-21","CC-BY 4.0"
"10.1162/opmi_a_00190","opmia00190","The Double Standard of Ownership",2025,"pdf/openmind.opmia00190.pdf","xml/openmind.opmia00190.xml",TRUE,TRUE,TRUE,"0.9","2026-06-21","CC-BY 4.0"
"10.1162/opmi.a.350","opmia350","When Numbers Whisper Their Names – Number Word Processing in Multi-Digit Number Magnitude Comparison in French Speakers",2026,"pdf/openmind.opmia350.pdf","xml/openmind.opmia350.xml",TRUE,TRUE,TRUE,"0.9","2026-06-21","CC-BY 4.0"
"10.1162/opmi_a_00058","opmia00058","This Better Be Interesting: A Speaker’s Decision to Speak Cues Listeners to Expect Informative Content",2022,"pdf/openmind.opmia00058.pdf","xml/openmind.opmia00058.xml",TRUE,TRUE,TRUE,"0.9","2026-06-21","CC-BY 4.0"
"10.1162/opmi_a_00153","opmia00153","Mind Melds: Verbal Labels Induce Greater Representational Alignment",2024,"pdf/openmind.opmia00153.pdf","xml/openmind.opmia00153.xml",TRUE,TRUE,TRUE,"0.9","2026-06-21","CC-BY 4.0"
"10.1162/opmi.a.331","opmia331","Children Understand How Adults’ Achievement Goals Drive Actions",2026,"pdf/openmind.opmia331.pdf","xml/openmind.opmia331.xml",TRUE,TRUE,TRUE,"0.9","2026-06-21","CC-BY 4.0"
"10.1162/opmi.a.13","opmia13","Education Is Positively and Causally Linked With Spatial Navigation Ability Across the Lifespan",2025,"pdf/openmind.opmia13.pdf","xml/openmind.opmia13.xml",TRUE,TRUE,TRUE,"0.9","2026-06-21","CC-BY 4.0"
"10.1162/opmi.a.8","opmia8","Second-Order Zipf’s Law for Word Co-Occurrences",2025,"pdf/openmind.opmia8.pdf","xml/openmind.opmia8.xml",TRUE,TRUE,TRUE,"0.9","2026-06-21","CC-BY 4.0"
"10.1162/opmi_a_00022","opmia00022","Segmentability Differences Between Child-Directed and Adult-Directed Speech: A Systematic Test With an Ecologically Valid Corpus",2019,"pdf/openmind.opmia00022.pdf","xml/openmind.opmia00022.xml",TRUE,TRUE,TRUE,"0.9","2026-06-21","CC-BY 4.0"
"10.1162/opmi_a_00102","opmia00102","Testing Causal Effects of Empathy on Children’s Prosociality in Politeness Dilemmas - An Intervention Study",2023,"pdf/openmind.opmia00102.pdf","xml/openmind.opmia00102.xml",TRUE,TRUE,TRUE,"0.9","2026-06-21","CC-BY 4.0"
"10.1162/opmi_a_00112","opmia00112","Prediction, Explanation, and Control: The Use of Mental Models in Dynamic Environments",2023,"pdf/openmind.opmia00112.pdf","xml/openmind.opmia00112.xml",TRUE,TRUE,TRUE,"0.9","2026-06-21","CC-BY 4.0"
"10.1162/opmi_a_00056","opmia00056","Social Prevalence Is Rationally Integrated in Belief Updating",2022,"pdf/openmind.opmia00056.pdf","xml/openmind.opmia00056.xml",TRUE,TRUE,TRUE,"0.9","2026-06-21","CC-BY 4.0"
"10.1162/opmi_a_00134","opmia00134","Evidence for Infant-directed Speech Preference Is Consistent Across
                    Large-scale, Multi-site Replication and Meta-analysis",2024,"pdf/openmind.opmia00134.pdf","xml/openmind.opmia00134.xml",TRUE,TRUE,TRUE,"0.9","2026-06-21","CC-BY 4.0"
"10.1162/opmi_a_00166","opmia00166","Infants Produce Optimally Informative Points to Satisfy the Epistemic Needs of Their Communicative Partner",2024,"pdf/openmind.opmia00166.pdf","xml/openmind.opmia00166.xml",TRUE,TRUE,TRUE,"0.9","2026-06-21","CC-BY 4.0"
"10.1162/opmi_a_00061","opmia00061","A Pragmatic Account of the Weak Evidence Effect",2022,"pdf/openmind.opmia00061.pdf","xml/openmind.opmia00061.xml",TRUE,TRUE,TRUE,"0.9","2026-06-21","CC-BY 4.0"
"10.1162/opmi_a_00127","opmia00127","Response to Difficulty Drives Variation in IQ Test Performance",2024,"pdf/openmind.opmia00127.pdf","xml/openmind.opmia00127.xml",TRUE,TRUE,TRUE,"0.9","2026-06-21","CC-BY 4.0"
"10.1162/opmi_a_00184","opmia00184","Use of Statistical and Acoustic Cues for Speech Segmentation in French-Learning 7-Month-Old Infants and French-Speaking Adults",2025,"pdf/openmind.opmia00184.pdf","xml/openmind.opmia00184.xml",TRUE,TRUE,TRUE,"0.9","2026-06-21","CC-BY 4.0"
"10.1162/opmi.a.35","opmia35","Using MoTR to Probe Agreement Processing in Russian",2025,"pdf/openmind.opmia35.pdf","xml/openmind.opmia35.xml",TRUE,TRUE,TRUE,"0.9","2026-06-21","CC-BY 4.0"
"10.1162/opmi_a_00197","opmia00197","Early Production of Imperceptible Words by Infants and Toddlers Born Deaf or Blind",2025,"pdf/openmind.opmia00197.pdf","xml/openmind.opmia00197.xml",TRUE,TRUE,TRUE,"0.9","2026-06-21","CC-BY 4.0"
"10.1162/opmi.a.40","opmia40","Information-Theoretic Measures of Metacognition: Bounds and Relation to Group Performance",2025,"pdf/openmind.opmia40.pdf","xml/openmind.opmia40.xml",TRUE,TRUE,TRUE,"0.9","2026-06-21","CC-BY 4.0"
"10.1162/opmi_a_00048","opmia00048","Toward Cumulative Cognitive Science: A Comparison of Meta-Analysis, Mega-Analysis, and Hybrid Approaches",2021,"pdf/openmind.opmia00048.pdf","xml/openmind.opmia00048.xml",TRUE,TRUE,TRUE,"0.9","2026-06-21","CC-BY 4.0"
"10.1162/opmi.a.353","opmia353","Where You Look Is What You Get: Individual Fixation Height Predicts Biases in Face Perception",2026,"pdf/openmind.opmia353.pdf","xml/openmind.opmia353.xml",TRUE,TRUE,TRUE,"0.9","2026-06-21","CC-BY 4.0"
"10.1162/opmi_a_00029","opmia00029","People’s Intuitions About Innateness",2019,"pdf/openmind.opmia00029.pdf","xml/openmind.opmia00029.xml",TRUE,TRUE,TRUE,"0.9","2026-06-21","CC-BY 4.0"
"10.1162/opmi_a_00161","opmia00161","Individual Differences in Accent Imitation",2024,"pdf/openmind.opmia00161.pdf","xml/openmind.opmia00161.xml",TRUE,TRUE,TRUE,"0.9","2026-06-21","CC-BY 4.0"
"10.1162/opmi.a.341","opmia341","The Role of Reinforcement Learning in Pragmatic Reasoning Tasks: Modeling and Validating the Sources of Individual Differences",2026,"pdf/openmind.opmia341.pdf","xml/openmind.opmia341.xml",TRUE,TRUE,TRUE,"0.9","2026-06-21","CC-BY 4.0"
"10.1162/opmi_a_00032","opmia00032","Communicating Compositional Patterns",2020,"pdf/openmind.opmia00032.pdf","xml/openmind.opmia00032.xml",TRUE,TRUE,TRUE,"0.9","2026-06-21","CC-BY 4.0"
"10.1162/opmi_a_00156","opmia00156","Mating with Multi-Armed Bandits: Reinforcement Learning Models of Human Mate Search",2024,"pdf/openmind.opmia00156.pdf","xml/openmind.opmia00156.xml",TRUE,TRUE,TRUE,"0.9","2026-06-21","CC-BY 4.0"
"10.1162/opmi.a.2","opmia2","When Success Is Surprising: Children’s Ability to Use Surprise to Infer Competence",2025,"pdf/openmind.opmia2.pdf","xml/openmind.opmia2.xml",TRUE,TRUE,TRUE,"0.9","2026-06-21","CC-BY 4.0"
"10.1162/opmi.a.346","opmia346","Unsupervised Classification of English Words Based on Phonological Information: Discovery of Germanic and Latinate Clusters",2026,"pdf/openmind.opmia346.pdf","xml/openmind.opmia346.xml",TRUE,TRUE,TRUE,"0.9","2026-06-21","CC-BY 4.0"
"10.1162/opmi.a.15","opmia15","Successful Prediction Is Associated With Enhanced Encoding",2025,"pdf/openmind.opmia15.pdf","xml/openmind.opmia15.xml",TRUE,TRUE,TRUE,"0.9","2026-06-21","CC-BY 4.0"
"10.1162/opmi_a_00031","opmia00031","Inconvenient Samples: Modeling Biases Related to Parental Consent by Coupling Observational and Experimental Results",2020,"pdf/openmind.opmia00031.pdf","xml/openmind.opmia00031.xml",TRUE,TRUE,TRUE,"0.9","2026-06-21","CC-BY 4.0"
"10.1162/opmi_a_00163","opmia00163","Introducing Mr. Three: Attention, Perception, and Meaning Selection in the Acquisition of Number and Color Words",2024,"pdf/openmind.opmia00163.pdf","xml/openmind.opmia00163.xml",TRUE,TRUE,TRUE,"0.9","2026-06-21","CC-BY 4.0"
"10.1162/opmi_a_00111","opmia00111","Calculated Feelings: How Children Use Probability to Infer Emotions",2023,"pdf/openmind.opmia00111.pdf","xml/openmind.opmia00111.xml",TRUE,TRUE,TRUE,"0.9","2026-06-21","CC-BY 4.0"
"10.1162/opmi_a_00099","opmia00099","Lexical Processing Strongly Affects Reading Times But Not Skipping During Natural Reading",2023,"pdf/openmind.opmia00099.pdf","xml/openmind.opmia00099.xml",TRUE,TRUE,TRUE,"0.9","2026-06-21","CC-BY 4.0"
"10.1162/opmi_a_00154","opmia00154","Seeing the Forest but Naming the Trees: An Object-Over-Place Bias in Learning Noun Labels",2024,"pdf/openmind.opmia00154.pdf","xml/openmind.opmia00154.xml",TRUE,TRUE,TRUE,"0.9","2026-06-21","CC-BY 4.0"
"10.1162/opmi.a.33","opmia33","The Missing Half of Language Learning in Current Developmental Language Models: Exogenous and Endogenous Linguistic Input",2025,"pdf/openmind.opmia33.pdf","xml/openmind.opmia33.xml",TRUE,TRUE,TRUE,"0.9","2026-06-21","CC-BY 4.0"
"10.1162/opmi.a.39","opmia39","Sensitivity to Geometric Shape Regularity Emerges Independently of Vision",2025,"pdf/openmind.opmia39.pdf","xml/openmind.opmia39.xml",TRUE,TRUE,TRUE,"0.9","2026-06-21","CC-BY 4.0"
"10.1162/opmi_a_00143","opmia00143","Toward the Emergence of Intelligent Control: Episodic Generalization and Optimization",2024,"pdf/openmind.opmia00143.pdf","xml/openmind.opmia00143.xml",TRUE,TRUE,TRUE,"0.9","2026-06-21","CC-BY 4.0"
"10.1162/opmi_a_00076","opmia00076","Not Playing by the Rules: Exploratory Play, Rational Action, and Efficient Search",2023,"pdf/openmind.opmia00076.pdf","xml/openmind.opmia00076.xml",TRUE,TRUE,TRUE,"0.9","2026-06-21","CC-BY 4.0"
"10.1162/opmi_a_00188","opmia00188","Towards Human-Like Emergent Communication via Utility, Informativeness, and Complexity",2025,"pdf/openmind.opmia00188.pdf","xml/openmind.opmia00188.xml",TRUE,TRUE,TRUE,"0.9","2026-06-21","CC-BY 4.0"
"10.1162/opmi.a.250","opmia250","Haptic Compensation in Blind People’s Conceptual Representations",2025,"pdf/openmind.opmia250.pdf","xml/openmind.opmia250.xml",TRUE,TRUE,TRUE,"0.9","2026-06-21","CC-BY 4.0"
"10.1162/opmi.a.355","opmia355","Curriculum Learning in Humans and Neural Networks",2026,"pdf/openmind.opmia355.pdf","xml/openmind.opmia355.xml",TRUE,TRUE,TRUE,"0.9","2026-06-21","CC-BY 4.0"
"10.1162/opmi_a_00137","opmia00137","Neural Networks as Cognitive Models of the Processing of Syntactic Constraints",2024,"pdf/openmind.opmia00137.pdf","xml/openmind.opmia00137.xml",TRUE,TRUE,TRUE,"0.9","2026-06-21","CC-BY 4.0"
"10.1162/opmi_a_00135","opmia00135","What Does <i>That</i> Mean? Complementizers and Epistemic Authority",2024,"pdf/openmind.opmia00135.pdf","xml/openmind.opmia00135.xml",TRUE,TRUE,TRUE,"0.9","2026-06-21","CC-BY 4.0"
"10.1162/opmi_a_00040","opmia00040","“Impossible” Somatosensation and the (Ir)rationality of Perception",2021,"pdf/openmind.opmia00040.pdf","xml/openmind.opmia00040.xml",TRUE,TRUE,TRUE,"0.9","2026-06-21","CC-BY 4.0"
"10.1162/opmi_a_00141","opmia00141","Instruction on the Scientific Method Provides (Some) Protection Against Illusions of Causality",2024,"pdf/openmind.opmia00141.pdf","xml/openmind.opmia00141.xml",TRUE,TRUE,TRUE,"0.9","2026-06-21","CC-BY 4.0"
"10.1162/opmi.a.256","opmia256","Learning to Decompose: Human-Like Subgoal Preferences Emerge in Neural Networks Learning Graph Traversal",2025,"pdf/openmind.opmia256.pdf","xml/openmind.opmia256.xml",TRUE,TRUE,TRUE,"0.9","2026-06-21","CC-BY 4.0"
"10.1162/opmi.a.16","opmia16","The Feasibility of Remote Visual-World Eye-Tracking With Young Children",2025,"pdf/openmind.opmia16.pdf","xml/openmind.opmia16.xml",TRUE,TRUE,TRUE,"0.9","2026-06-21","CC-BY 4.0"
"10.1162/opmi_a_00165","opmia00165","Perceptual, Semantic, and Pragmatic Factors Affect the Derivation of Contrastive Inferences",2024,"pdf/openmind.opmia00165.pdf","xml/openmind.opmia00165.xml",TRUE,TRUE,TRUE,"0.9","2026-06-21","CC-BY 4.0"
"10.1162/opmi.a.342","opmia342","More Time and Effort, Same Curiosity: Expected Effort Does Not Impact Curiosity",2026,"pdf/openmind.opmia342.pdf","xml/openmind.opmia342.xml",TRUE,TRUE,TRUE,"0.9","2026-06-21","CC-BY 4.0"
"10.1162/opmi_a_00170","opmia00170","Object Feature Memory Is Distorted by Category Structure",2024,"pdf/openmind.opmia00170.pdf","xml/openmind.opmia00170.xml",TRUE,TRUE,TRUE,"0.9","2026-06-21","CC-BY 4.0"
"10.1162/opmi_a_00079","opmia00079","Eight-Month-Old Infants Meta-Learn by Downweighting Irrelevant Evidence",2023,"pdf/openmind.opmia00079.pdf","xml/openmind.opmia00079.xml",TRUE,TRUE,TRUE,"0.9","2026-06-21","CC-BY 4.0"
"10.1162/opmi_a_00075","opmia00075","What is “Where”: Physical Reasoning Informs Object Location",2023,"pdf/openmind.opmia00075.pdf","xml/openmind.opmia00075.xml",TRUE,TRUE,TRUE,"0.9","2026-06-21","CC-BY 4.0"
"10.1162/opmi.a.336","opmia336","Not All Authors Are Equal: Moral Judgments of Plagiarism From AI and Human Sources",2026,"pdf/openmind.opmia336.pdf","xml/openmind.opmia336.xml",TRUE,TRUE,TRUE,"0.9","2026-06-21","CC-BY 4.0"
"10.1162/opmi.a.257","opmia257","What is Balance? A Vital Mechano-Regulation Paradigm",2025,"pdf/openmind.opmia257.pdf","xml/openmind.opmia257.xml",TRUE,TRUE,TRUE,"0.9","2026-06-21","CC-BY 4.0"
"10.1162/opmi_a_00057","opmia00057","Bilingualism Affects Infant Cognition: Insights From New and Open Data",2022,"pdf/openmind.opmia00057.pdf","xml/openmind.opmia00057.xml",TRUE,TRUE,TRUE,"0.9","2026-06-21","CC-BY 4.0"
"10.1162/opmi_a_00107","opmia00107","Number Agreement Attraction in Czech Comprehension: Negligible Facilitation Effects",2023,"pdf/openmind.opmia00107.pdf","xml/openmind.opmia00107.xml",TRUE,TRUE,TRUE,"0.9","2026-06-21","CC-BY 4.0"
"10.1162/opmi_a_00120","opmia00120","Davinci the Dualist: The Mind–Body Divide in Large Language Models and in Human Learners",2024,"pdf/openmind.opmia00120.pdf","xml/openmind.opmia00120.xml",TRUE,TRUE,TRUE,"0.9","2026-06-21","CC-BY 4.0"
"10.1162/opmi.a.14","opmia14","Accurate Predictions Facilitate Robust Memory Encoding Independently From Stimulus Probability",2025,"pdf/openmind.opmia14.pdf","xml/openmind.opmia14.xml",TRUE,TRUE,TRUE,"0.9","2026-06-21","CC-BY 4.0"
"10.1162/opmi_a_00149","opmia00149","The Wise Mind Balances the Abstract and the Concrete",2024,"pdf/openmind.opmia00149.pdf","xml/openmind.opmia00149.xml",TRUE,TRUE,TRUE,"0.9","2026-06-21","CC-BY 4.0"
"10.1162/opmi_a_00037","opmia00037","Grouping Mechanisms in Numerosity Perception",2020,"pdf/openmind.opmia00037.pdf","xml/openmind.opmia00037.xml",TRUE,TRUE,TRUE,"0.9","2026-06-21","CC-BY 4.0"
"10.1162/opmi_a_00017","opmia00017","Certainty Is Primarily Determined by Past Performance During Concept Learning",2018,"pdf/openmind.opmia00017.pdf","xml/openmind.opmia00017.xml",TRUE,TRUE,TRUE,"0.9","2026-06-21","CC-BY 4.0"
"10.1162/opmi.a.354","opmia354","Impact of Education and Music Training on the Development of Abstract Thinking in the First Years of Schooling",2026,"pdf/openmind.opmia354.pdf","xml/openmind.opmia354.xml",TRUE,TRUE,TRUE,"0.9","2026-06-21","CC-BY 4.0"
"10.1162/opmi_a_00147","opmia00147","Conducting Developmental Research Online vs. In-Person: A Meta-Analysis",2024,"pdf/openmind.opmia00147.pdf","xml/openmind.opmia00147.xml",TRUE,TRUE,TRUE,"0.9","2026-06-21","CC-BY 4.0"
"10.1162/opmi.a.5","opmia5","Sharing the World—A Social Aspect of Consciousness",2025,"pdf/openmind.opmia5.pdf","xml/openmind.opmia5.xml",TRUE,TRUE,TRUE,"0.9","2026-06-21","CC-BY 4.0"
"10.1162/opmi_a_00191","opmia00191","Pragmatics as Social Inference About Intentional Action",2025,"pdf/openmind.opmia00191.pdf","xml/openmind.opmia00191.xml",TRUE,TRUE,TRUE,"0.9","2026-06-21","CC-BY 4.0"
"10.1162/opmi.a.327","opmia327","Iconicity Gives Communicators a Head-Start, Even if Only the Producer Experiences It",2026,"pdf/openmind.opmia327.pdf","xml/openmind.opmia327.xml",TRUE,TRUE,TRUE,"0.9","2026-06-21","CC-BY 4.0"
"10.1162/opmi.a.32","opmia32","Delayed First Language Exposure Negatively Impacts Representation of Small Quantities: Evidence from Deaf and Hard-of-Hearing Children",2025,"pdf/openmind.opmia32.pdf","xml/openmind.opmia32.xml",TRUE,TRUE,TRUE,"0.9","2026-06-21","CC-BY 4.0"
"10.1162/opmi_a_00139","opmia00139","Two Determinants of Dynamic Adaptive Learning for Magnitudes and Probabilities",2024,"pdf/openmind.opmia00139.pdf","xml/openmind.opmia00139.xml",TRUE,TRUE,TRUE,"0.9","2026-06-21","CC-BY 4.0"
"10.1162/opmi_a_00097","opmia00097","A (Dis-)information Theory of Revealed and Unrevealed Preferences: Emerging Deception and Skepticism via Theory of Mind",2023,"pdf/openmind.opmia00097.pdf","xml/openmind.opmia00097.xml",TRUE,TRUE,TRUE,"0.9","2026-06-21","CC-BY 4.0"
"10.1162/opmi_a_00110","opmia00110","What’s in the Box? Preschoolers Consider Ambiguity, Expected Value, and Information for Future Decisions in Explore-Exploit Tasks",2023,"pdf/openmind.opmia00110.pdf","xml/openmind.opmia00110.xml",TRUE,TRUE,TRUE,"0.9","2026-06-21","CC-BY 4.0"
"10.1162/opmi_a_00128","opmia00128","Multiple Object Tracking Without Pre-attentive Indexing",2024,"pdf/openmind.opmia00128.pdf","xml/openmind.opmia00128.xml",TRUE,TRUE,TRUE,"0.9","2026-06-21","CC-BY 4.0"
"10.1162/opmi.a.315","opmia315","Semantic Representations Are Updated Across the Lifespan Reflecting Diachronic Language Change",2025,"pdf/openmind.opmia315.pdf","xml/openmind.opmia315.xml",TRUE,TRUE,TRUE,"0.9","2026-06-21","CC-BY 4.0"
"10.1162/opmi.a.20","opmia20","Exploring Meta-Reasoning Propositional Confidence in Conspiratorial Beliefs and Socio-Cognitive Polarization",2025,"pdf/openmind.opmia20.pdf","xml/openmind.opmia20.xml",TRUE,TRUE,TRUE,"0.9","2026-06-21","CC-BY 4.0"
"10.1162/opmi_a_00183","opmia00183","Young Children’s Understanding of Helping as Increasing Another Agent’s Utility",2025,"pdf/openmind.opmia00183.pdf","xml/openmind.opmia00183.xml",TRUE,TRUE,TRUE,"0.9","2026-06-21","CC-BY 4.0"
"10.1162/opmi.a.340","opmia340","Response Requirements Shape the Spatial Coding of Location-Specific Adjustments to Conflict Frequency",2026,"pdf/openmind.opmia340.pdf","xml/openmind.opmia340.xml",TRUE,TRUE,TRUE,"0.9","2026-06-21","CC-BY 4.0"
"10.1162/opmi.a.338","opmia338","No Evidence of Transfer of Learning Between Problem-Solving Tasks Using Different Transformation Rules",2026,"pdf/openmind.opmia338.pdf","xml/openmind.opmia338.xml",TRUE,TRUE,TRUE,"0.9","2026-06-21","CC-BY 4.0"
"10.1162/opmi_a_00066","opmia00066","Meaning and Use in the Expression of Estimative Probability",2022,"pdf/openmind.opmia00066.pdf","xml/openmind.opmia00066.xml",TRUE,TRUE,TRUE,"0.9","2026-06-21","CC-BY 4.0"
"10.1162/opmi_a_00084","opmia00084","Eye Movement Traces of Linguistic Knowledge in Native and Non-Native Reading",2023,"pdf/openmind.opmia00084.pdf","xml/openmind.opmia00084.xml",TRUE,TRUE,TRUE,"0.9","2026-06-21","CC-BY 4.0"
"10.1162/opmi_a_00095","opmia00095","Speech Segmentation and Cross-Situational Word Learning in Parallel",2023,"pdf/openmind.opmia00095.pdf","xml/openmind.opmia00095.xml",TRUE,TRUE,TRUE,"0.9","2026-06-21","CC-BY 4.0"
"10.1162/opmi_a_00167","opmia00167","Number Attraction in Pronoun Production",2024,"pdf/openmind.opmia00167.pdf","xml/openmind.opmia00167.xml",TRUE,TRUE,TRUE,"0.9","2026-06-21","CC-BY 4.0"
"10.1162/opmi_a_00199","opmia00199","The Scientific and Cultural Cost of Convenience Sampling in the Face of Rising Language Endangerment: Highlighting the Role of Language Acquisition",2025,"pdf/openmind.opmia00199.pdf","xml/openmind.opmia00199.xml",TRUE,TRUE,TRUE,"0.9","2026-06-21","CC-BY 4.0"
"10.1162/opmi_a_00065","opmia00065","Emerging Self-Representation Presents a Challenge When Perspectives Conflict",2022,"pdf/openmind.opmia00065.pdf","xml/openmind.opmia00065.xml",TRUE,TRUE,TRUE,"0.9","2026-06-21","CC-BY 4.0"
"10.1162/opmi_a_00152","opmia00152","Preschoolers’ Comprehension of Functional Metaphors",2024,"pdf/openmind.opmia00152.pdf","xml/openmind.opmia00152.xml",TRUE,TRUE,TRUE,"0.9","2026-06-21","CC-BY 4.0"
"10.1162/opmi_a_00168","opmia00168","When New Experience Leads to New Knowledge: A Computational Framework for Formalizing Epistemically Transformative Experiences",2024,"pdf/openmind.opmia00168.pdf","xml/openmind.opmia00168.xml",TRUE,TRUE,TRUE,"0.9","2026-06-21","CC-BY 4.0"
"10.1162/opmi_a_00133","opmia00133","On the Role of Loopholes in Polite Communication: Linking
                    Subjectivity and Pragmatic Inference",2024,"pdf/openmind.opmia00133.pdf","xml/openmind.opmia00133.xml",TRUE,TRUE,TRUE,"0.9","2026-06-21","CC-BY 4.0"
"10.1162/opmi.a.275","opmia275","Predictability of the Retrieval Site Does Not Modulate Interference: Evidence From Reflexive Attraction",2025,"pdf/openmind.opmia275.pdf","xml/openmind.opmia275.xml",TRUE,TRUE,TRUE,"0.9","2026-06-21","CC-BY 4.0"
"10.1162/opmi.a.1","opmia1","Deafness, Hearing Loss and the Development of Mental State Reasoning Skills: A Review",2025,"pdf/openmind.opmia1.pdf","xml/openmind.opmia1.xml",TRUE,TRUE,TRUE,"0.9","2026-06-21","CC-BY 4.0"
"10.1162/opmi_a_00047","opmia00047","The Reading Signatures of Agreement Attraction",2021,"pdf/openmind.opmia00047.pdf","xml/openmind.opmia00047.xml",TRUE,TRUE,TRUE,"0.9","2026-06-21","CC-BY 4.0"
"10.1162/opmi_a_00073","opmia00073","Competition Between Object Topology and Surface Features in Children’s Extension of Novel Nouns",2023,"pdf/openmind.opmia00073.pdf","xml/openmind.opmia00073.xml",TRUE,TRUE,TRUE,"0.9","2026-06-21","CC-BY 4.0"
"10.1162/opmi_a_00130","opmia00130","It’s All in the Interaction: Early Acquired Words Are Both Frequent and Highly Imageable",2024,"pdf/openmind.opmia00130.pdf","xml/openmind.opmia00130.xml",TRUE,TRUE,TRUE,"0.9","2026-06-21","CC-BY 4.0"
"10.1162/opmi_a_00136","opmia00136","The Role of Uniform Textures in Making Texture Elements Visible in
                    the Visual Periphery",2024,"pdf/openmind.opmia00136.pdf","xml/openmind.opmia00136.xml",TRUE,TRUE,TRUE,"0.9","2026-06-21","CC-BY 4.0"
"10.1162/opmi_a_00019","opmia00019","Four- and 5-Year-Olds Infer Differences in Relative Ability and Appropriately Allocate Roles to Achieve Cooperative, Competitive, and Prosocial Goals",2018,"pdf/openmind.opmia00019.pdf","xml/openmind.opmia00019.xml",TRUE,TRUE,TRUE,"0.9","2026-06-21","CC-BY 4.0"
"10.1162/opmi_a_00109","opmia00109","Children’s Reasoning About Empathy and Social Relationships",2023,"pdf/openmind.opmia00109.pdf","xml/openmind.opmia00109.xml",TRUE,TRUE,TRUE,"0.9","2026-06-21","CC-BY 4.0"
"10.1162/opmi_a_00159","opmia00159","Tangled Physics: Knots Strain Intuitive Physical Reasoning",2024,"pdf/openmind.opmia00159.pdf","xml/openmind.opmia00159.xml",TRUE,TRUE,TRUE,"0.9","2026-06-21","CC-BY 4.0"
"10.1162/opmi_a_00028","opmia00028","Is Empiricism Innate? Preference for Nurture Over Nature in People’s Beliefs About the Origins of Human Knowledge",2019,"pdf/openmind.opmia00028.pdf","xml/openmind.opmia00028.xml",TRUE,TRUE,TRUE,"0.9","2026-06-21","CC-BY 4.0"
"10.1162/opmi_a_00113","opmia00113","Aesthetic Motivation Impacts Judgments of Others’ Prosociality and Mental Life",2023,"pdf/openmind.opmia00113.pdf","xml/openmind.opmia00113.xml",TRUE,TRUE,TRUE,"0.9","2026-06-21","CC-BY 4.0"
"10.1162/opmi_a_00187","opmia00187","Combination and Differentiation Theories of Categorization: A Comparison Using Participants’ Categorization Descriptions",2025,"pdf/openmind.opmia00187.pdf","xml/openmind.opmia00187.xml",TRUE,TRUE,TRUE,"0.9","2026-06-21","CC-BY 4.0"
"10.1162/opmi.a.25","opmia25","Logical Operations Shape the Formation of Implicit Attitudes: Evidence From the Negation of Bipolar and Unipolar Adjectives",2025,"pdf/openmind.opmia25.pdf","xml/openmind.opmia25.xml",TRUE,TRUE,TRUE,"0.9","2026-06-21","CC-BY 4.0"
"10.1162/opmi.a.19","opmia19","People Use Norms, Values, Codification, and Enforceability to Determine if a Rule Was Broken",2025,"pdf/openmind.opmia19.pdf","xml/openmind.opmia19.xml",TRUE,TRUE,TRUE,"0.9","2026-06-21","CC-BY 4.0"
"10.1162/opmi_a_00003","opmia00003","Finger Tracking Reveals the Covert Stages of Mental Arithmetic",2017,"pdf/openmind.opmia00003.pdf","xml/openmind.opmia00003.xml",TRUE,TRUE,TRUE,"0.9","2026-06-21","CC-BY 4.0"
"10.1162/opmi.a.356","opmia356","Resolving the Vagueness of Quantifiers With Explicit Expectations",2026,"pdf/openmind.opmia356.pdf","xml/openmind.opmia356.xml",TRUE,TRUE,TRUE,"0.9","2026-06-21","CC-BY 4.0"
"10.1162/opmi.a.351","opmia351","Child-Directed Speech Facilitates Semantic Role Learning: A Machine Learning Approach",2026,"pdf/openmind.opmia351.pdf","xml/openmind.opmia351.xml",TRUE,TRUE,TRUE,"0.9","2026-06-21","CC-BY 4.0"
"10.1162/opmi_a_00175","opmia00175","Do Languages Have Exclusive Disjunctions?",2024,"pdf/openmind.opmia00175.pdf","xml/openmind.opmia00175.xml",TRUE,TRUE,TRUE,"0.9","2026-06-21","CC-BY 4.0"
"10.1162/opmi_a_00080","opmia00080","The Bayesian Mutation Sampler Explains Distributions of Causal Judgments",2023,"pdf/openmind.opmia00080.pdf","xml/openmind.opmia00080.xml",TRUE,TRUE,TRUE,"0.9","2026-06-21","CC-BY 4.0"
"10.1162/opmi.a.6","opmia6","DeepMeaning: Estimating and Interpreting Scene Meaning for Attention Using a Vision-Language Transformer",2025,"pdf/openmind.opmia6.pdf","xml/openmind.opmia6.xml",TRUE,TRUE,TRUE,"0.9","2026-06-21","CC-BY 4.0"
"10.1162/opmi_a_00101","opmia00101","Information-Theoretic Neural Decoding Reproduces Several Laws of Human Behavior",2023,"pdf/openmind.opmia00101.pdf","xml/openmind.opmia00101.xml",TRUE,TRUE,TRUE,"0.9","2026-06-21","CC-BY 4.0"
"10.1162/opmi_a_00195","opmia00195","Present-Focused Behavior as a Rational Adaptation to Precarity",2025,"pdf/openmind.opmia00195.pdf","xml/openmind.opmia00195.xml",TRUE,TRUE,TRUE,"0.9","2026-06-21","CC-BY 4.0"
"10.1162/opmi_a_00209","opmia00209","Relative Value Encoding in Large Language Models: A Multi-Task, Multi-Model Investigation",2025,"pdf/openmind.opmia00209.pdf","xml/openmind.opmia00209.xml",TRUE,TRUE,TRUE,"0.9","2026-06-21","CC-BY 4.0"
"10.1162/opmi_a_00018","opmia00018","Third-Party Preferences for Imitators in Preverbal Infants",2018,"pdf/openmind.opmia00018.pdf","xml/openmind.opmia00018.xml",TRUE,TRUE,TRUE,"0.9","2026-06-21","CC-BY 4.0"
"10.1162/opmi.a.253","opmia253","Linguistic Rule Generalisation Creates the Same Distributional Structure That Feeds It",2025,"pdf/openmind.opmia253.pdf","xml/openmind.opmia253.xml",TRUE,TRUE,TRUE,"0.9","2026-06-21","CC-BY 4.0"
"10.1162/opmi_a_00182","opmia00182","Investigating Sensitivity to Shared Information and Personal Experience in Children’s Use of Majority Information",2025,"pdf/openmind.opmia00182.pdf","xml/openmind.opmia00182.xml",TRUE,TRUE,TRUE,"0.9","2026-06-21","CC-BY 4.0"
"10.1162/opmi_a_00085","opmia00085","Virtue Discounting: Observability Reduces Moral Actors’ Perceived Virtue",2023,"pdf/openmind.opmia00085.pdf","xml/openmind.opmia00085.xml",TRUE,TRUE,TRUE,"0.9","2026-06-21","CC-BY 4.0"
"10.1162/opmi_a_00162","opmia00162","The Anatomy of Iconicity: Cumulative Structural Analogies Underlie Objective and Subjective Measures of Iconicity",2024,"pdf/openmind.opmia00162.pdf","xml/openmind.opmia00162.xml",TRUE,TRUE,TRUE,"0.9","2026-06-21","CC-BY 4.0"
"10.1162/opmi_a_00020","opmia00020","A Domain-General Sense of Confidence in Children",2018,"pdf/openmind.opmia00020.pdf","xml/openmind.opmia00020.xml",TRUE,TRUE,TRUE,"0.9","2026-06-21","CC-BY 4.0"
"10.1162/opmi.a.349","opmia349","Associations Between Second-Language Proficiency and Executive Functions in Autistic and Neurotypical Children",2026,"pdf/openmind.opmia349.pdf","xml/openmind.opmia349.xml",TRUE,TRUE,TRUE,"0.9","2026-06-21","CC-BY 4.0"
"10.1162/opmi_a_00050","opmia00050","Seeing the World From Others’ Perspective: 14-Month-Olds Show
                    Altercentric Modulation Effects by Others’ Beliefs",2021,"pdf/openmind.opmia00050.pdf","xml/openmind.opmia00050.xml",TRUE,TRUE,TRUE,"0.9","2026-06-21","CC-BY 4.0"
"10.1162/opmi_a_00202","opmia00202","Spontaneous Encoding of Event Roles in Hominids",2025,"pdf/openmind.opmia00202.pdf","xml/openmind.opmia00202.xml",TRUE,TRUE,TRUE,"0.9","2026-06-21","CC-BY 4.0"
"10.1162/opmi.a.38","opmia38","Chimpanzee’s in Black: Visual Search for the Conspecific Body Silhouette by Chimpanzees (
                    <i>Pan troglodytes</i>
                    )",2025,"pdf/openmind.opmia38.pdf","xml/openmind.opmia38.xml",TRUE,TRUE,TRUE,"0.9","2026-06-21","CC-BY 4.0"
"10.1162/opmi.a.3","opmia3","Considering What We Know and What We Don’t Know: Expectations and Confidence Guide Value Integration in Value-Based Decision-Making",2025,"pdf/openmind.opmia3.pdf","xml/openmind.opmia3.xml",TRUE,TRUE,TRUE,"0.9","2026-06-21","CC-BY 4.0"
"10.1162/opmi_a_00155","opmia00155","Group Coordination Catalyzes Individual and Cultural Intelligence",2024,"pdf/openmind.opmia00155.pdf","xml/openmind.opmia00155.xml",TRUE,TRUE,TRUE,"0.9","2026-06-21","CC-BY 4.0"
"10.1162/opmi_a_00132","opmia00132","Bayesian Reinforcement Learning With Limited Cognitive
                    Load",2024,"pdf/openmind.opmia00132.pdf","xml/openmind.opmia00132.xml",TRUE,TRUE,TRUE,"0.9","2026-06-21","CC-BY 4.0"
"10.1162/opmi_a_00026","opmia00026","Consistency and Variability in Children’s Word Learning Across Languages",2019,"pdf/openmind.opmia00026.pdf","xml/openmind.opmia00026.xml",TRUE,TRUE,TRUE,"0.9","2026-06-21","CC-BY 4.0"
"10.1162/opmi.a.313","opmia313","An Efficient Communication Analysis of Modal Typology",2026,"pdf/openmind.opmia313.pdf","xml/openmind.opmia313.xml",TRUE,TRUE,TRUE,"0.9","2026-06-21","CC-BY 4.0"
"10.1162/opmi_a_00146","opmia00146","A Phone in a Basket Looks Like a Knife in a Cup: Role-Filler Independence in Visual Processing",2024,"pdf/openmind.opmia00146.pdf","xml/openmind.opmia00146.xml",TRUE,TRUE,TRUE,"0.9","2026-06-21","CC-BY 4.0"
"10.1162/opmi_a_00174","opmia00174","Electrophysiology Reveals That Intuitive Physics Guides Visual Tracking and Working Memory",2024,"pdf/openmind.opmia00174.pdf","xml/openmind.opmia00174.xml",TRUE,TRUE,TRUE,"0.9","2026-06-21","CC-BY 4.0"
"10.1162/opmi_a_00151","opmia00151","Action Interpretation Determines the Effects of Go/No-Go and Approach/Avoidance Actions on Stimulus Evaluation",2024,"pdf/openmind.opmia00151.pdf","xml/openmind.opmia00151.xml",TRUE,TRUE,TRUE,"0.9","2026-06-21","CC-BY 4.0"
"10.1162/opmi_a_00098","opmia00098","Biology, Society, or Choice: How Do Non-Experts Interpret Explanations of Behaviour?",2023,"pdf/openmind.opmia00098.pdf","xml/openmind.opmia00098.xml",TRUE,TRUE,TRUE,"0.9","2026-06-21","CC-BY 4.0"
"10.1162/opmi_a_00160","opmia00160","The Limitations of Large Language Models for Understanding Human Language and Cognition",2024,"pdf/openmind.opmia00160.pdf","xml/openmind.opmia00160.xml",TRUE,TRUE,TRUE,"0.9","2026-06-21","CC-BY 4.0"
"10.1162/opmi_a_00013","opmia00013","Partial Truths: Adults Choose to Mention Agents and Patients in Proportion to Informativity, Even If It Doesn’t Fully Disambiguate the Message",2017,"pdf/openmind.opmia00013.pdf","xml/openmind.opmia00013.xml",TRUE,TRUE,TRUE,"0.9","2026-06-21","CC-BY 4.0"
"10.1162/opmi_a_00082","opmia00082","“The Red Spots Are Now Lava, We Shouldn’t Step on Them”—The Joint Creation of Novel Arbitrary Social Contexts in Pretend Play",2023,"pdf/openmind.opmia00082.pdf","xml/openmind.opmia00082.xml",TRUE,TRUE,TRUE,"0.9","2026-06-21","CC-BY 4.0"
"10.1162/opmi.a.255","opmia255","The Multifaceted Ganzfeld at the Crossroad Between Visual Perception and Consciousness: Behavioral, Neural and Qualitative Aspects",2025,"pdf/openmind.opmia255.pdf","xml/openmind.opmia255.xml",TRUE,TRUE,TRUE,"0.9","2026-06-21","CC-BY 4.0"
"10.1162/opmi_a_00038","opmia00038","Knowing How You Know: Toddlers Reevaluate Words Learned From an Unreliable Speaker",2021,"pdf/openmind.opmia00038.pdf","xml/openmind.opmia00038.xml",TRUE,TRUE,TRUE,"0.9","2026-06-21","CC-BY 4.0"
"10.1162/opmi_a_00117","opmia00117","Expecting the Unexpected: Infants Use Others’ Surprise to Revise Their Own Expectations",2024,"pdf/openmind.opmia00117.pdf","xml/openmind.opmia00117.xml",TRUE,TRUE,TRUE,"0.9","2026-06-21","CC-BY 4.0"
"10.1162/opmi_a_00176","opmia00176","Infinite Mixture Chaining: An Efficiency-Based Framework for the Dynamic Construction of Word Meaning",2025,"pdf/openmind.opmia00176.pdf","xml/openmind.opmia00176.xml",TRUE,TRUE,TRUE,"0.9","2026-06-21","CC-BY 4.0"
"10.1162/opmi_a_00070","opmia00070","Zipfian Distributions in Child-Directed Speech",2023,"pdf/openmind.opmia00070.pdf","xml/openmind.opmia00070.xml",TRUE,TRUE,TRUE,"0.9","2026-06-21","CC-BY 4.0"
"10.1162/opmi_a_00196","opmia00196","Decoding Prosodic Information from Motion Capture Data: The Gravity of Co-Speech Gestures",2025,"pdf/openmind.opmia00196.pdf","xml/openmind.opmia00196.xml",TRUE,TRUE,TRUE,"0.9","2026-06-21","CC-BY 4.0"
"10.1162/opmi_a_00002","opmia00002","Lookit (Part 1): A New Online Platform for Developmental Research",2017,"pdf/openmind.opmia00002.pdf","xml/openmind.opmia00002.xml",TRUE,TRUE,TRUE,"0.9","2026-06-21","CC-BY 4.0"
"10.1162/opmi.a.254","opmia254","Today, Tomorrow, and Overmorrow: The Acquisition of Deictic Temporal Terms in English and German",2025,"pdf/openmind.opmia254.pdf","xml/openmind.opmia254.xml",TRUE,TRUE,TRUE,"0.9","2026-06-21","CC-BY 4.0"
"10.1162/opmi_a_00193","opmia00193","Interference of Implicit Causality in Relative Clause Processing",2025,"pdf/openmind.opmia00193.pdf","xml/openmind.opmia00193.xml",TRUE,TRUE,TRUE,"0.9","2026-06-21","CC-BY 4.0"
"10.1162/opmi_a_00072","opmia00072","Latent Diversity in Human Concepts",2023,"pdf/openmind.opmia00072.pdf","xml/openmind.opmia00072.xml",TRUE,TRUE,TRUE,"0.9","2026-06-21","CC-BY 4.0"
"10.1162/opmi_a_00046","opmia00046","Do Infants Really Learn Phonetic Categories?",2021,"pdf/openmind.opmia00046.pdf","xml/openmind.opmia00046.xml",TRUE,TRUE,TRUE,"0.9","2026-06-21","CC-BY 4.0"
"10.1162/opmi_a_00035","opmia00035","Polite Speech Emerges From Competing Social Goals",2020,"pdf/openmind.opmia00035.pdf","xml/openmind.opmia00035.xml",TRUE,TRUE,TRUE,"0.9","2026-06-21","CC-BY 4.0"
"10.1162/opmi_a_00030","opmia00030","Greater Early Disambiguating Information for Less-Probable Words: The Lexicon Is Shaped by Incremental Processing",2020,"pdf/openmind.opmia00030.pdf","xml/openmind.opmia00030.xml",TRUE,TRUE,TRUE,"0.9","2026-06-21","CC-BY 4.0"
"10.1162/opmi_a_00100","opmia00100","Toward ‘Computational-Rationality’ Approaches to Arbitrating Models of Cognition: A Case Study Using Perceptual Metacognition",2023,"pdf/openmind.opmia00100.pdf","xml/openmind.opmia00100.xml",TRUE,TRUE,TRUE,"0.9","2026-06-21","CC-BY 4.0"
"10.1162/opmi_a_00074","opmia00074","Active Iterative Social Inference in Multi-Trial Signaling Games",2023,"pdf/openmind.opmia00074.pdf","xml/openmind.opmia00074.xml",TRUE,TRUE,TRUE,"0.9","2026-06-21","CC-BY 4.0"
"10.1162/opmi.a.11","opmia11","An Item Response Theory Analysis of the “Reading the Mind in the Eyes Test” in an Argentine Sample",2025,"pdf/openmind.opmia11.pdf","xml/openmind.opmia11.xml",TRUE,TRUE,TRUE,"0.9","2026-06-21","CC-BY 4.0"
"10.1162/opmi_a_00108","opmia00108","A Shared Intuitive (Mis)understanding of Psychophysical Law Leads Both Novices and Educated Students to Believe in a Just Noticeable Difference (JND)",2023,"pdf/openmind.opmia00108.pdf","xml/openmind.opmia00108.xml",TRUE,TRUE,TRUE,"0.9","2026-06-21","CC-BY 4.0"
"10.1162/opmi_a_00077","opmia00077","High Performance on a Pragmatic Task May Not Be the Result of Successful Reasoning: On the Importance of Eliciting Participants’ Reasoning Strategies",2023,"pdf/openmind.opmia00077.pdf","xml/openmind.opmia00077.xml",TRUE,TRUE,TRUE,"0.9","2026-06-21","CC-BY 4.0"
"10.1162/opmi_a_00069","opmia00069","Modeling Individual Differences in Children’s Information Integration During Pragmatic Word Learning",2022,"pdf/openmind.opmia00069.pdf","xml/openmind.opmia00069.xml",TRUE,TRUE,TRUE,"0.9","2026-06-21","CC-BY 4.0"
"10.1162/opmi_a_00138","opmia00138","Does Distance Matter? How Physical and Social Distance Shape Our Perceived Obligations to Others",2024,"pdf/openmind.opmia00138.pdf","xml/openmind.opmia00138.xml",TRUE,TRUE,TRUE,"0.9","2026-06-21","CC-BY 4.0"
"10.1162/opmi.a.24","opmia24","The Reasonable, the Rational, and the Good: On Folk Theories of Deliberative Judgment",2025,"pdf/openmind.opmia24.pdf","xml/openmind.opmia24.xml",TRUE,TRUE,TRUE,"0.9","2026-06-21","CC-BY 4.0"
"10.1162/opmi_a_00044","opmia00044","To Believe Is Not to Think: A Cross-Cultural Finding",2021,"pdf/openmind.opmia00044.pdf","xml/openmind.opmia00044.xml",TRUE,TRUE,TRUE,"0.9","2026-06-21","CC-BY 4.0"
"10.1162/opmi.a.319","opmia319","Detection, Inspection, Return: An Object-Based Classification and Metric of Fixations in Complex Scenes",2026,"pdf/openmind.opmia319.pdf","xml/openmind.opmia319.xml",TRUE,TRUE,TRUE,"0.9","2026-06-21","CC-BY 4.0"
"10.1162/opmi.a.30","opmia30","Can Large Language Models Generate Useful Linguistic Corpora?: A Case Study of the Word Frequency Effect in Young German Readers",2025,"pdf/openmind.opmia30.pdf","xml/openmind.opmia30.xml",TRUE,TRUE,TRUE,"0.9","2026-06-21","CC-BY 4.0"
"10.1162/opmi_a_00119","opmia00119","Word Frequency and Predictability Dissociate in Naturalistic Reading",2024,"pdf/openmind.opmia00119.pdf","xml/openmind.opmia00119.xml",TRUE,TRUE,TRUE,"0.9","2026-06-21","CC-BY 4.0"
"10.1162/opmi_a_00194","opmia00194","Children’s Understanding of Topological Relations",2025,"pdf/openmind.opmia00194.pdf","xml/openmind.opmia00194.xml",TRUE,TRUE,TRUE,"0.9","2026-06-21","CC-BY 4.0"
"10.1162/opmi_a_00158","opmia00158","Identifying Transfer Learning in the Reshaping of Inductive Biases",2024,"pdf/openmind.opmia00158.pdf","xml/openmind.opmia00158.xml",TRUE,TRUE,TRUE,"0.9","2026-06-21","CC-BY 4.0"
"10.1162/opmi.a.27","opmia27","Predictive Structure Emerges During the Generalisation of Kin Terms
                    to New Referents",2025,"pdf/openmind.opmia27.pdf","xml/openmind.opmia27.xml",TRUE,TRUE,TRUE,"0.9","2026-06-21","CC-BY 4.0"
"10.1162/opmi.a.322","opmia322","A Resource-Rational Account of Human Eye Movements During Immersive Visual Search",2026,"pdf/openmind.opmia322.pdf","xml/openmind.opmia322.xml",TRUE,TRUE,TRUE,"0.9","2026-06-21","CC-BY 4.0"
"10.1162/opmi_a_00039","opmia00039","SAYCam: A Large, Longitudinal Audiovisual Dataset Recorded From the Infant’s Perspective",2021,"pdf/openmind.opmia00039.pdf","xml/openmind.opmia00039.xml",TRUE,TRUE,TRUE,"0.9","2026-06-21","CC-BY 4.0"
"10.1162/opmi_a_00068","opmia00068","Representations of Abstract Relations in Infancy",2022,"pdf/openmind.opmia00068.pdf","xml/openmind.opmia00068.xml",TRUE,TRUE,TRUE,"0.9","2026-06-21","CC-BY 4.0"
"10.1162/opmi_a_00055","opmia00055","Nonverbal Action Interpretation Guides Novel Word Disambiguation in 12-Month-Olds",2022,"pdf/openmind.opmia00055.pdf","xml/openmind.opmia00055.xml",TRUE,TRUE,TRUE,"0.9","2026-06-21","CC-BY 4.0"
"10.1162/opmi_e_00023","opmie00023","Cognitive Science Honors the Memory of Jeffrey Elman",2019,"pdf/openmind.opmie00023.pdf","xml/openmind.opmie00023.xml",TRUE,TRUE,TRUE,"0.9","2026-06-21","CC-BY 4.0"
"10.1162/opmi_a_00067","opmia00067","Expectancy Effects Threaten the Inferential Validity of Synchrony-Prosociality Research",2022,"pdf/openmind.opmia00067.pdf","xml/openmind.opmia00067.xml",TRUE,TRUE,TRUE,"0.9","2026-06-21","CC-BY 4.0"
"10.1162/opmi_a_00015","opmia00015","A Causal Role of the Right Superior Temporal Sulcus in Emotion Recognition From Biological Motion",2017,"pdf/openmind.opmia00015.pdf","xml/openmind.opmia00015.xml",TRUE,TRUE,TRUE,"0.9","2026-06-21","CC-BY 4.0"
"10.1162/opmi_a_00021","opmia00021","The Neural Representational Space of Social Memory",2019,"pdf/openmind.opmia00021.pdf","xml/openmind.opmia00021.xml",TRUE,TRUE,TRUE,"0.9","2026-06-21","CC-BY 4.0"
"10.1162/opmi_a_00185","opmia00185","On the Perception of Moral Standing to Blame",2025,"pdf/openmind.opmia00185.pdf","xml/openmind.opmia00185.xml",TRUE,TRUE,TRUE,"0.9","2026-06-21","CC-BY 4.0"
"10.1162/opmi.a.344","opmia344","A Suite of LMs Comprehend Puzzle Statements as Well or Better Than Humans",2026,"pdf/openmind.opmia344.pdf","xml/openmind.opmia344.xml",TRUE,TRUE,TRUE,"0.9","2026-06-21","CC-BY 4.0"
"10.1162/opmi_a_00121","opmia00121","Quantifying Bias in Hierarchical Category Systems",2024,"pdf/openmind.opmia00121.pdf","xml/openmind.opmia00121.xml",TRUE,TRUE,TRUE,"0.9","2026-06-21","CC-BY 4.0"
"10.1162/opmi_a_00122","opmia00122","The Accuracy and Precision of Memory for Natural Scenes: A Walk in the Park",2024,"pdf/openmind.opmia00122.pdf","xml/openmind.opmia00122.xml",TRUE,TRUE,TRUE,"0.9","2026-06-21","CC-BY 4.0"
"10.1162/opmi_a_00088","opmia00088","Spatial Scene Memories Are Biased Towards a Fixed Amount of Semantic Information",2023,"pdf/openmind.opmia00088.pdf","xml/openmind.opmia00088.xml",TRUE,TRUE,TRUE,"0.9","2026-06-21","CC-BY 4.0"
"10.1162/opmi_a_00148","opmia00148","A Continuity in Logical Development: Domain-General Disjunctive Inference by Toddlers",2024,"pdf/openmind.opmia00148.pdf","xml/openmind.opmia00148.xml",TRUE,TRUE,TRUE,"0.9","2026-06-21","CC-BY 4.0"
"10.1162/opmi_a_00093","opmia00093","Children’s Early Spontaneous Comparisons Predict Later Analogical Reasoning Skills: An Investigation of Parental Influence",2023,"pdf/openmind.opmia00093.pdf","xml/openmind.opmia00093.xml",TRUE,TRUE,TRUE,"0.9","2026-06-21","CC-BY 4.0"
"10.1162/opmi.a.317","opmia317","Using Artificial Neural Networks to Relate External Sensory Features to Internal Decisional Evidence",2026,"pdf/openmind.opmia317.pdf","xml/openmind.opmia317.xml",TRUE,TRUE,TRUE,"0.9","2026-06-21","CC-BY 4.0"
"10.1162/opmi_a_00192","opmia00192","Prosodic Cues Support Inferences About the Question’s Pedagogical Intent",2025,"pdf/openmind.opmia00192.pdf","xml/openmind.opmia00192.xml",TRUE,TRUE,TRUE,"0.9","2026-06-21","CC-BY 4.0"
"10.1162/opmi.a.320","opmia320","Most German Speakers Ignore the Cue That Best Predicts Plural Class",2025,"pdf/openmind.opmia320.pdf","xml/openmind.opmia320.xml",TRUE,TRUE,TRUE,"0.9","2026-06-21","CC-BY 4.0"
"10.1162/opmi.a.22","opmia22","Developing Intuitions That Close Friends Know the Content of Each Other’s Minds",2025,"pdf/openmind.opmia22.pdf","xml/openmind.opmia22.xml",TRUE,TRUE,TRUE,"0.9","2026-06-21","CC-BY 4.0"
"10.1162/opmi_a_00203","opmia00203","On the Persistence of Discourse Predictions: The Facilitative Effect of Discourse Markers Diminishes in the Presence of Intervening Material",2025,"pdf/openmind.opmia00203.pdf","xml/openmind.opmia00203.xml",TRUE,TRUE,TRUE,"0.9","2026-06-21","CC-BY 4.0"
"10.1162/opmi_a_00053","opmia00053","Intuitive Sociology: Children Recognize Decision-Making Structures and Prefer Groups With Less-Concentrated Power",2022,"pdf/openmind.opmia00053.pdf","xml/openmind.opmia00053.xml",TRUE,TRUE,TRUE,"0.9","2026-06-21","CC-BY 4.0"
"10.1162/opmi_a_00001","opmia00001","Lookit (Part 2): Assessing the Viability of Online Developmental Research, Results From Three Case                     Studies",2017,"pdf/openmind.opmia00001.pdf","xml/openmind.opmia00001.xml",TRUE,TRUE,TRUE,"0.9","2026-06-21","CC-BY 4.0"
"10.1162/opmi_a_00090","opmia00090","Why Children Believe They Are Owned",2023,"pdf/openmind.opmia00090.pdf","xml/openmind.opmia00090.xml",TRUE,TRUE,TRUE,"0.9","2026-06-21","CC-BY 4.0"
"10.1162/opmi.a.352","opmia352","Response Time as a Proxy for Decision Confidence: Insights From Type-2 ROC Analysis",2026,"pdf/openmind.opmia352.pdf","xml/openmind.opmia352.xml",TRUE,TRUE,TRUE,"0.9","2026-06-21","CC-BY 4.0"
"10.1162/opmi_a_00144","opmia00144","Large Language Models and the Wisdom of Small Crowds",2024,"pdf/openmind.opmia00144.pdf","xml/openmind.opmia00144.xml",TRUE,TRUE,TRUE,"0.9","2026-06-21","CC-BY 4.0"
"10.1162/opmi_a_00145","opmia00145","Unconscious Perception of Vernier Offsets",2024,"pdf/openmind.opmia00145.pdf","xml/openmind.opmia00145.xml",TRUE,TRUE,TRUE,"0.9","2026-06-21","CC-BY 4.0"
"10.1162/opmi.a.345","opmia345","Plural Causes",2026,"pdf/openmind.opmia345.pdf","xml/openmind.opmia345.xml",TRUE,TRUE,TRUE,"0.9","2026-06-21","CC-BY 4.0"
"10.1162/opmi.a.34","opmia34","Epistemic Curiosity in Kea Parrots and Human Children",2025,"pdf/openmind.opmia34.pdf","xml/openmind.opmia34.xml",TRUE,TRUE,TRUE,"0.9","2026-06-21","CC-BY 4.0"
"10.1162/opmi_a_00025","opmia00025","Revealing Criterial Vagueness in Inconsistencies",2019,"pdf/openmind.opmia00025.pdf","xml/openmind.opmia00025.xml",TRUE,TRUE,TRUE,"0.9","2026-06-21","CC-BY 4.0"
"10.1162/opmi.a.26","opmia26","People Evaluate Agents Based on the Algorithms That Drive Their Behavior",2025,"pdf/openmind.opmia26.pdf","xml/openmind.opmia26.xml",TRUE,TRUE,TRUE,"0.9","2026-06-21","CC-BY 4.0"
"10.1162/opmi_a_00042","opmia00042","Prior Beliefs Modulate Projection",2021,"pdf/openmind.opmia00042.pdf","xml/openmind.opmia00042.xml",TRUE,TRUE,TRUE,"0.9","2026-06-21","CC-BY 4.0"
"10.1162/opmi_a_00116","opmia00116","“Now I Get It!”: Eureka Experiences During the Acquisition of Mathematical Concepts",2024,"pdf/openmind.opmia00116.pdf","xml/openmind.opmia00116.xml",TRUE,TRUE,TRUE,"0.9","2026-06-21","CC-BY 4.0"
"10.1162/opmi_a_00024","opmia00024","Minimal Cues of Possession Transfer Compel Infants to Ascribe the Goal of Giving",2019,"pdf/openmind.opmia00024.pdf","xml/openmind.opmia00024.xml",TRUE,TRUE,TRUE,"0.9","2026-06-21","CC-BY 4.0"
"10.1162/opmi_a_00060","opmia00060","A Reappraisal of Dependency Length Minimization as a Linguistic Universal",2022,"pdf/openmind.opmia00060.pdf","xml/openmind.opmia00060.xml",TRUE,TRUE,TRUE,"0.9","2026-06-21","CC-BY 4.0"
"10.1162/opmi.a.258","opmia258","Agenda Setting and
                    <i>The Emperor’s New Clothes</i>
                    : People Diagnose Information Cascades during Sequential Testimony by Reasoning About Informants’ Speaking Order and Social Status",2025,"pdf/openmind.opmia258.pdf","xml/openmind.opmia258.xml",TRUE,TRUE,TRUE,"0.9","2026-06-21","CC-BY 4.0"
"10.1162/opmi_a_00036","opmia00036","Coordination and Consonance Between Interacting, Improvising Musicians",2020,"pdf/openmind.opmia00036.pdf","xml/openmind.opmia00036.xml",TRUE,TRUE,TRUE,"0.9","2026-06-21","CC-BY 4.0"
"10.1162/opmi_a_00006","opmia00006","How Data Drive Early Word Learning: A Cross-Linguistic Waiting Time Analysis",2017,"pdf/openmind.opmia00006.pdf","xml/openmind.opmia00006.xml",TRUE,TRUE,TRUE,"0.9","2026-06-21","CC-BY 4.0"
"10.1162/opmi.a.4","opmia4","The Expanded Natural History of Song Discography, A Global Corpus of Vocal Music",2025,"pdf/openmind.opmia4.pdf","xml/openmind.opmia4.xml",TRUE,TRUE,TRUE,"0.9","2026-06-21","CC-BY 4.0"
"10.1162/opmi_a_00189","opmia00189","Approximating Human-Level 3D Visual Inferences With Deep Neural Networks",2025,"pdf/openmind.opmia00189.pdf","xml/openmind.opmia00189.xml",TRUE,TRUE,TRUE,"0.9","2026-06-21","CC-BY 4.0"
"10.1162/opmi.a.321","opmia321","Foreign Language Learners Show a Kinematic Accent in Their Co-Speech Hand Movements",2026,"pdf/openmind.opmia321.pdf","xml/openmind.opmia321.xml",TRUE,TRUE,TRUE,"0.9","2026-06-21","CC-BY 4.0"
"10.1162/opmi.a.252","opmia252","Vowel- and Diphthong-Like Spectral Patterns in Sperm Whale Codas",2025,"pdf/openmind.opmia252.pdf","xml/openmind.opmia252.xml",TRUE,TRUE,TRUE,"0.9","2026-06-21","CC-BY 4.0"
"10.1162/opmi_a_00091","opmia00091","Metacognitive Information Theory",2023,"pdf/openmind.opmia00091.pdf","xml/openmind.opmia00091.xml",TRUE,TRUE,TRUE,"0.9","2026-06-21","CC-BY 4.0"
"10.1162/opmi_a_00207","opmia00207","The State-Before-Event Inference Emerges Across Tenses",2025,"pdf/openmind.opmia00207.pdf","xml/openmind.opmia00207.xml",TRUE,TRUE,TRUE,"0.9","2026-06-21","CC-BY 4.0"
"10.1162/opmi_e_00007","opmie00007","Editorial",2017,"pdf/openmind.opmie00007.pdf","xml/openmind.opmie00007.xml",TRUE,TRUE,TRUE,"0.9","2026-06-21","CC-BY 4.0"
"10.1162/opmi.a.31","opmia31","The Relative Contributions of Traits and Contexts on Social Network
                    Learning",2025,"pdf/openmind.opmia31.pdf","xml/openmind.opmia31.xml",TRUE,TRUE,TRUE,"0.9","2026-06-21","CC-BY 4.0"
"10.1162/opmi_a_00150","opmia00150","On the Mathematical Relationship Between Contextual Probability and N400 Amplitude",2024,"pdf/openmind.opmia00150.pdf","xml/openmind.opmia00150.xml",TRUE,TRUE,TRUE,"0.9","2026-06-21","CC-BY 4.0"
"10.1162/opmi_a_00064","opmia00064","Simplification Is Not Dominant in the Evolution of Chinese Characters",2022,"pdf/openmind.opmia00064.pdf","xml/openmind.opmia00064.xml",TRUE,TRUE,TRUE,"0.9","2026-06-21","CC-BY 4.0"
"10.1162/opmi_a_00140","opmia00140","Examining the Impact of Reading Fluency on Lexical Decision Results in French 6th Graders",2024,"pdf/openmind.opmia00140.pdf","xml/openmind.opmia00140.xml",TRUE,TRUE,TRUE,"0.9","2026-06-21","CC-BY 4.0"
"10.1162/opmi_a_00005","opmia00005","Subjectivity Predicts Adjective Ordering Preferences",2017,"pdf/openmind.opmia00005.pdf","xml/openmind.opmia00005.xml",TRUE,TRUE,TRUE,"0.9","2026-06-21","CC-BY 4.0"
"10.1162/opmi.a.277","opmia277","Shape Guides Visual Pretense",2025,"pdf/openmind.opmia277.pdf","xml/openmind.opmia277.xml",TRUE,TRUE,TRUE,"0.9","2026-06-21","CC-BY 4.0"
"10.1162/opmi_a_00115","opmia00115","Better Together: 14-Month-Old Infants Expect Agents to Cooperate",2024,"pdf/openmind.opmia00115.pdf","xml/openmind.opmia00115.xml",TRUE,TRUE,TRUE,"0.9","2026-06-21","CC-BY 4.0"
"10.1162/opmi_a_00173","opmia00173","Learning or Boredom? Task Adaptation Effects in Sentence Processing Experiments",2024,"pdf/openmind.opmia00173.pdf","xml/openmind.opmia00173.xml",TRUE,TRUE,TRUE,"0.9","2026-06-21","CC-BY 4.0"
"10.1162/opmi_a_00086","opmia00086","The Plausibility of Sampling as an Algorithmic Theory of Sentence Processing",2023,"pdf/openmind.opmia00086.pdf","xml/openmind.opmia00086.xml",TRUE,TRUE,TRUE,"0.9","2026-06-21","CC-BY 4.0"
"10.1162/opmi.a.347","opmia347","Shared and Individual Tuning Curves for Social Perception",2026,"pdf/openmind.opmia347.pdf","xml/openmind.opmia347.xml",TRUE,TRUE,TRUE,"0.9","2026-06-21","CC-BY 4.0"
"10.1162/opmi.a.29","opmia29","The Study of Early Social Evaluation: Contextualizing Failures to Replicate and Looking Forward",2025,"pdf/openmind.opmia29.pdf","xml/openmind.opmia29.xml",TRUE,TRUE,TRUE,"0.9","2026-06-21","CC-BY 4.0"
"10.1162/opmi_a_00087","opmia00087","Can 18-Month-Olds Revise Attributed Beliefs?",2023,"pdf/openmind.opmia00087.pdf","xml/openmind.opmia00087.xml",TRUE,TRUE,TRUE,"0.9","2026-06-21","CC-BY 4.0"
"10.1162/opmi_a_00208","opmia00208","The Rapid Synthesis of Integral Stimuli",2025,"pdf/openmind.opmia00208.pdf","xml/openmind.opmia00208.xml",TRUE,TRUE,TRUE,"0.9","2026-06-21","CC-BY 4.0"
"10.1162/opmi_a_00123","opmia00123","Systematic Human Learning and Generalization From a Brief Tutorial With Explanatory Feedback",2024,"pdf/openmind.opmia00123.pdf","xml/openmind.opmia00123.xml",TRUE,TRUE,TRUE,"0.9","2026-06-21","CC-BY 4.0"
"10.1162/opmi.a.343","opmia343","Does It Matter What Is Said and Who Said It? The Interpretation of Trump’s and Harris’ Statements Among Republican and Democrat Voters",2026,"pdf/openmind.opmia343.pdf","xml/openmind.opmia343.xml",TRUE,TRUE,TRUE,"0.9","2026-06-21","CC-BY 4.0"
"10.1162/opmi.a.18","opmia18","Signers and Speakers Show Distinct Temporal Kinematic Signatures in Their Manual Communicative Movements",2025,"pdf/openmind.opmia18.pdf","xml/openmind.opmia18.xml",TRUE,TRUE,TRUE,"0.9","2026-06-21","CC-BY 4.0"
"10.1162/opmi_a_00059","opmia00059","Neural Networks Track the Logical Complexity of Boolean Concepts",2022,"pdf/openmind.opmia00059.pdf","xml/openmind.opmia00059.xml",TRUE,TRUE,TRUE,"0.9","2026-06-21","CC-BY 4.0"
"10.1162/opmi.a.37","opmia37","The Minds That Matter: How Robots’ Mental Capacities Shape Children’s Evaluations and Trust",2025,"pdf/openmind.opmia37.pdf","xml/openmind.opmia37.xml",TRUE,TRUE,TRUE,"0.9","2026-06-21","CC-BY 4.0"
"10.1162/opmi_a_00052","opmia00052","Individual Differences in Cue Weighting in Sentence Comprehension: An Evaluation Using Approximate Bayesian Computation",2022,"pdf/openmind.opmia00052.pdf","xml/openmind.opmia00052.xml",TRUE,TRUE,TRUE,"0.9","2026-06-21","CC-BY 4.0"
"10.1162/opmi_a_00062","opmia00062","More or Less Unnatural: Semantic Similarity Shapes the Learnability and Cross-Linguistic Distribution of Unnatural Syncretism in Morphological Paradigms",2022,"pdf/openmind.opmia00062.pdf","xml/openmind.opmia00062.xml",TRUE,TRUE,TRUE,"0.9","2026-06-21","CC-BY 4.0"
"10.1162/opmi_a_00096","opmia00096","Dogs Rely On Visual Cues Rather Than On Effector-Specific Movement Representations to Predict Human Action Targets",2023,"pdf/openmind.opmia00096.pdf","xml/openmind.opmia00096.xml",TRUE,TRUE,TRUE,"0.9","2026-06-21","CC-BY 4.0"
"10.1162/opmi_a_00204","opmia00204","Invisible Gorillas in the Mind: Internal Inattentional Blindness and the Prospect of Introspection Training",2025,"pdf/openmind.opmia00204.pdf","xml/openmind.opmia00204.xml",TRUE,TRUE,TRUE,"0.9","2026-06-21","CC-BY 4.0"
"10.1162/opmi_a_00094","opmia00094","The “Hard Problem of Consciousness” Arises from Human Psychology",2023,"pdf/openmind.opmia00094.pdf","xml/openmind.opmia00094.xml",TRUE,TRUE,TRUE,"0.9","2026-06-21","CC-BY 4.0"
"10.1162/opmi_a_00179","opmia00179","Preschoolers Represent Abstract Relations Predicated on Kind Membership",2025,"pdf/openmind.opmia00179.pdf","xml/openmind.opmia00179.xml",TRUE,TRUE,TRUE,"0.9","2026-06-21","CC-BY 4.0"
"10.1162/opmi_a_00083","opmia00083","The Agent Preference in Visual Event Apprehension",2023,"pdf/openmind.opmia00083.pdf","xml/openmind.opmia00083.xml",TRUE,TRUE,TRUE,"0.9","2026-06-21","CC-BY 4.0"
"10.1162/opmi.a.337","opmia337","Search Efficiency Drives Reference Production Across Modalities, But Colour Is Special",2026,"pdf/openmind.opmia337.pdf","xml/openmind.opmia337.xml",TRUE,TRUE,TRUE,"0.9","2026-06-21","CC-BY 4.0"
"10.1162/opmi.a.348","opmia348","Brown Bear, Brown Bear, What Do You See? Speakers Use More Redundant Color Adjectives When Speaking to Children Than Adults",2026,"pdf/openmind.opmia348.pdf","xml/openmind.opmia348.xml",TRUE,TRUE,TRUE,"0.9","2026-06-21","CC-BY 4.0"
"10.1162/opmi_a_00008","opmia00008","The Temporal Modulation Structure of Infant-Directed Speech",2017,"pdf/openmind.opmia00008.pdf","xml/openmind.opmia00008.xml",TRUE,TRUE,TRUE,"0.9","2026-06-21","CC-BY 4.0"
"10.1162/opmi.a.316","opmia316","Words and Worlds Both: Dynamic Effects of Distributional and Sensorimotor Information in Semantic Processing",2025,"pdf/openmind.opmia316.pdf","xml/openmind.opmia316.xml",TRUE,TRUE,TRUE,"0.9","2026-06-21","CC-BY 4.0"
"10.1162/opmi_a_00027","opmia00027","Most People Keep Their Word Rather Than Their Money",2019,"pdf/openmind.opmia00027.pdf","xml/openmind.opmia00027.xml",TRUE,TRUE,TRUE,"0.9","2026-06-21","CC-BY 4.0"
"10.1162/opmi_a_00142","opmia00142","How Do You Know If You Were Mind Wandering? Dissociating Explicit Memories of Off Task Thought From Subjective Feelings of Inattention",2024,"pdf/openmind.opmia00142.pdf","xml/openmind.opmia00142.xml",TRUE,TRUE,TRUE,"0.9","2026-06-21","CC-BY 4.0"
"10.1162/opmi_a_00201","opmia00201","Social Contexts Requiring Adjudication between Self- and Peer-Interest Differentially Alter Risk Preferences Across Adolescence",2025,"pdf/openmind.opmia00201.pdf","xml/openmind.opmia00201.xml",TRUE,TRUE,TRUE,"0.9","2026-06-21","CC-BY 4.0"
"10.1162/opmi_a_00125","opmia00125","Signal Smoothing and Syntactic Choices: A Critical Reflection on the UID Hypothesis",2024,"pdf/openmind.opmia00125.pdf","xml/openmind.opmia00125.xml",TRUE,TRUE,TRUE,"0.9","2026-06-21","CC-BY 4.0"
"10.1162/opmi_a_00186","opmia00186","Learning in Interactive Decision-Making: The Interplay Between Cognitive Abilities and the Strategic Environment",2025,"pdf/openmind.opmia00186.pdf","xml/openmind.opmia00186.xml",TRUE,TRUE,TRUE,"0.9","2026-06-21","CC-BY 4.0"
"10.1162/opmi_a_00181","opmia00181","“Groupitizing”: A Visuo-Spatial and Arithmetic Phenomenon",2025,"pdf/openmind.opmia00181.pdf","xml/openmind.opmia00181.xml",TRUE,TRUE,TRUE,"0.9","2026-06-21","CC-BY 4.0"
"10.1162/opmi_a_00198","opmia00198","Children Learn Best From Their Peers: The Crucial Role of Input From Other Children in Language Development",2025,"pdf/openmind.opmia00198.pdf","xml/openmind.opmia00198.xml",TRUE,TRUE,TRUE,"0.9","2026-06-21","CC-BY 4.0"
"10.1162/opmi.a.312","opmia312","Chunking, Attraction, Repulsion, and Ensemble Effects Are Ubiquitous in Visual Working Memory",2026,"pdf/openmind.opmia312.pdf","xml/openmind.opmia312.xml",TRUE,TRUE,TRUE,"0.9","2026-06-21","CC-BY 4.0"
"10.1162/opmi_a_00124","opmia00124","Infants Infer Social Relationships Between Individuals Who Engage in Imitative Social Interactions",2024,"pdf/openmind.opmia00124.pdf","xml/openmind.opmia00124.xml",TRUE,TRUE,TRUE,"0.9","2026-06-21","CC-BY 4.0"
"10.1162/opmi_a_00054","opmia00054","CELER: A 365-Participant Corpus of Eye Movements in L1 and L2 English Reading",2022,"pdf/openmind.opmia00054.pdf","xml/openmind.opmia00054.xml",TRUE,TRUE,TRUE,"0.9","2026-06-21","CC-BY 4.0"
"10.1162/opmi.a.36","opmia36","Initial Expectations and Confidence Affect the Formation of Novel Self-Beliefs and Their Revision",2025,"pdf/openmind.opmia36.pdf","xml/openmind.opmia36.xml",TRUE,TRUE,TRUE,"0.9","2026-06-21","CC-BY 4.0"
"10.1162/opmi_a_00105","opmia00105","On the Relation Between Cross-Linguistic Influence, Between-Language Priming and Language Proficiency: Priming of Ungrammatical Adjective Placement in Bilingual Spanish-Dutch and French-Dutch Children",2023,"pdf/openmind.opmia00105.pdf","xml/openmind.opmia00105.xml",TRUE,TRUE,TRUE,"0.9","2026-06-21","CC-BY 4.0"
"10.1162/opmi_a_00169","opmia00169","Going Round in Circles: A Cognitive Bias in Geometric Reasoning",2024,"pdf/openmind.opmia00169.pdf","xml/openmind.opmia00169.xml",TRUE,TRUE,TRUE,"0.9","2026-06-21","CC-BY 4.0"
"10.1162/opmi.a.23","opmia23","The Quest for Truth: Experimenter Identity Impacts Children’s Response to Surprising Information",2025,"pdf/openmind.opmia23.pdf","xml/openmind.opmia23.xml",TRUE,TRUE,TRUE,"0.9","2026-06-21","CC-BY 4.0"
"10.1162/opmi_a_00016","opmia00016","The Use of a Computer Display Exaggerates the Connection Between Education and Approximate Number Ability in Remote Populations",2017,"pdf/openmind.opmia00016.pdf","xml/openmind.opmia00016.xml",TRUE,TRUE,TRUE,"0.9","2026-06-21","CC-BY 4.0"
"10.1162/opmi_a_00178","opmia00178","Hearing Pronouns Primes Speakers to Use Pronouns",2025,"pdf/openmind.opmia00178.pdf","xml/openmind.opmia00178.xml",TRUE,TRUE,TRUE,"0.9","2026-06-21","CC-BY 4.0"
"10.1162/opmi_a_00206","opmia00206","Inference About Absence as a Window Into the Mental Self-Model",2025,"pdf/openmind.opmia00206.pdf","xml/openmind.opmia00206.xml",TRUE,TRUE,TRUE,"0.9","2026-06-21","CC-BY 4.0"
"10.1162/opmi_a_00014","opmia00014","Detailed Visual Memory Capacity Is Present Early in Childhood",2017,"pdf/openmind.opmia00014.pdf","xml/openmind.opmia00014.xml",TRUE,TRUE,TRUE,"0.9","2026-06-21","CC-BY 4.0"
"10.1162/opmi_a_00051","opmia00051","Morpheme Ordering Across Languages Reflects Optimization for Processing Efficiency",2021,"pdf/openmind.opmia00051.pdf","xml/openmind.opmia00051.xml",TRUE,TRUE,TRUE,"0.9","2026-06-21","CC-BY 4.0"
"10.1162/opmi_a_00205","opmia00205","A Rational Framework for Group-Based Selective Social Learning",2025,"pdf/openmind.opmia00205.pdf","xml/openmind.opmia00205.xml",TRUE,TRUE,TRUE,"0.9","2026-06-21","CC-BY 4.0"
"10.1162/opmi_a_00033","opmia00033","What Does Dorsal Cortex Contribute to Perception?",2020,"pdf/openmind.opmia00033.pdf","xml/openmind.opmia00033.xml",TRUE,TRUE,TRUE,"0.9","2026-06-21","CC-BY 4.0"
"10.1162/opmi_a_00043","opmia00043","For 19-Month-Olds, What Happens On-Screen Stays On-Screen",2021,"pdf/openmind.opmia00043.pdf","xml/openmind.opmia00043.xml",TRUE,TRUE,TRUE,"0.9","2026-06-21","CC-BY 4.0"
"10.1162/opmi_a_00157","opmia00157","Eye-Movement Suppression in the Visual World Paradigm",2024,"pdf/openmind.opmia00157.pdf","xml/openmind.opmia00157.xml",TRUE,TRUE,TRUE,"0.9","2026-06-21","CC-BY 4.0"
"10.1162/opmi_a_00092","opmia00092","Noun Sequence Statistics Affect Serial Recall and Order Recognition Memory",2023,"pdf/openmind.opmia00092.pdf","xml/openmind.opmia00092.xml",TRUE,TRUE,TRUE,"0.9","2026-06-21","CC-BY 4.0"
"10.1162/opmi_a_00164","opmia00164","Evolution of the Moral Lexicon",2024,"pdf/openmind.opmia00164.pdf","xml/openmind.opmia00164.xml",TRUE,TRUE,TRUE,"0.9","2026-06-21","CC-BY 4.0"
"10.1162/opmi.a.10","opmia10","Modeling the Dative Alternation in English Early Child Language",2025,"pdf/openmind.opmia10.pdf","xml/openmind.opmia10.xml",TRUE,TRUE,TRUE,"0.9","2026-06-21","CC-BY 4.0"
"10.1162/opmi_a_00010","opmia00010","Innovation of Word Order Harmony Across Development",2017,"pdf/openmind.opmia00010.pdf","xml/openmind.opmia00010.xml",TRUE,TRUE,TRUE,"0.9","2026-06-21","CC-BY 4.0"
"10.1162/opmi_a_00171","opmia00171","Webcams as Windows to the Mind? A Direct Comparison Between In-Lab and Web-Based Eye-Tracking Methods",2024,"pdf/openmind.opmia00171.pdf","xml/openmind.opmia00171.xml",TRUE,TRUE,TRUE,"0.9","2026-06-21","CC-BY 4.0"
"10.1162/opmi.a.339","opmia339","Core Intuitions of Psychological Non-Contradiction: Infants Assume That Individual Agents Act and Communicate Coherently",2026,"pdf/openmind.opmia339.pdf","xml/openmind.opmia339.xml",TRUE,TRUE,TRUE,"0.9","2026-06-21","CC-BY 4.0"
"10.1162/opmi_a_00034","opmia00034","Numeral Systems Across Languages Support Efficient Communication: From Approximate Numerosity to Recursion",2020,"pdf/openmind.opmia00034.pdf","xml/openmind.opmia00034.xml",TRUE,TRUE,TRUE,"0.9","2026-06-21","CC-BY 4.0"
"10.1162/opmi_a_00118","opmia00118","The Missing VP Illusion in Spanish: Assessing the Role of Language Statistics and Working Memory",2024,"pdf/openmind.opmia00118.pdf","xml/openmind.opmia00118.xml",TRUE,TRUE,TRUE,"0.9","2026-06-21","CC-BY 4.0"
"10.1162/opmi.a.28","opmia28","Semantic Anchors Facilitate Task Encoding in Continual
                    Learning",2025,"pdf/openmind.opmia28.pdf","xml/openmind.opmia28.xml",TRUE,TRUE,TRUE,"0.9","2026-06-21","CC-BY 4.0"
"10.1162/opmi_a_00103","opmia00103","The Synchrony-Prosociality Link Cannot Be Explained Away as Expectancy Effect: Response to Atwood et al. ()",2023,"pdf/openmind.opmia00103.pdf","xml/openmind.opmia00103.xml",TRUE,TRUE,TRUE,"0.9","2026-06-21","CC-BY 4.0"
"10.1162/opmi_a_00004","opmia00004","Preschoolers’ Selfish Sharing Is Reduced by Prior Experience With Proportional Generosity",2017,"pdf/openmind.opmia00004.pdf","xml/openmind.opmia00004.xml",TRUE,TRUE,TRUE,"0.9","2026-06-21","CC-BY 4.0"
"10.1162/opmi_a_00045","opmia00045","Computing Joint Action Costs: Co-Actors Minimize the Aggregate Individual Costs in an Action Sequence",2021,"pdf/openmind.opmia00045.pdf","xml/openmind.opmia00045.xml",TRUE,TRUE,TRUE,"0.9","2026-06-21","CC-BY 4.0"
"10.1162/opmi_a_00089","opmia00089","Gaps in the Lexicon Restrict Communication",2023,"pdf/openmind.opmia00089.pdf","xml/openmind.opmia00089.xml",TRUE,TRUE,TRUE,"0.9","2026-06-21","CC-BY 4.0"
"10.1162/opmi.a.329","opmia329","How Prediction of the Future Affects Encoding of the Present: Cooperation or Competition?",2026,"pdf/openmind.opmia329.pdf","xml/openmind.opmia329.xml",TRUE,TRUE,TRUE,"0.9","2026-06-21","CC-BY 4.0"
"10.1162/opmi_a_00104","opmia00104","Everything is Infinite: Children’s Beliefs About Endless Space, Time, and Number",2023,"pdf/openmind.opmia00104.pdf","xml/openmind.opmia00104.xml",TRUE,TRUE,TRUE,"0.9","2026-06-21","CC-BY 4.0"
"10.1162/opmi.a.251","opmia251","The Scope and Limits of Iconic Prosody: Head Angle Predicts
                    <i>f</i>
                    0 Changes While Object Size Effects Are Absent",2025,"pdf/openmind.opmia251.pdf","xml/openmind.opmia251.xml",TRUE,TRUE,TRUE,"0.9","2026-06-21","CC-BY 4.0"
"10.1162/opmi.a.7","opmia7","Are You a Closet Dualist? Evidence From Brief Implicit Association Task",2025,"pdf/openmind.opmia7.pdf","xml/openmind.opmia7.xml",TRUE,TRUE,TRUE,"0.9","2026-06-21","CC-BY 4.0"
"10.1162/opmi.a.41","opmia41","The Curious
                    <i>U</i>
                    : Integrating Theories Linking Knowledge and Information-Seeking Behavior",2025,"pdf/openmind.opmia41.pdf","xml/openmind.opmia41.xml",TRUE,TRUE,TRUE,"0.9","2026-06-21","CC-BY 4.0"
"10.1162/opmi_a_00081","opmia00081","The Pandemic in Words: Tracking Fast Semantic Changes via a Large-Scale Word Association Task",2023,"pdf/openmind.opmia00081.pdf","xml/openmind.opmia00081.xml",TRUE,TRUE,TRUE,"0.9","2026-06-21","CC-BY 4.0"
"10.1162/opmi_a_00012","opmia00012","Spontaneous Preference for Slowly Moving Objects in Visually Naïve Animals",2017,"pdf/openmind.opmia00012.pdf","xml/openmind.opmia00012.xml",TRUE,TRUE,TRUE,"0.9","2026-06-21","CC-BY 4.0"
"10.1162/opmi.a.276","opmia276","The Role of Event Number and Duration in Time-Compressed Memory Replay",2025,"pdf/openmind.opmia276.pdf","xml/openmind.opmia276.xml",TRUE,TRUE,TRUE,"0.9","2026-06-21","CC-BY 4.0"
"10.1162/opmi_a_00063","opmia00063","Dangerous Ground: One-Year-Old Infants are Sensitive to Peril in Other Agents’ Action Plans",2022,"pdf/openmind.opmia00063.pdf","xml/openmind.opmia00063.xml",TRUE,TRUE,TRUE,"0.9","2026-06-21","CC-BY 4.0"
"10.1162/opmi_a_00131","opmia00131","Preliminary Evidence for Global Properties in Human Listeners During Natural Auditory Scene Perception",2024,"pdf/openmind.opmia00131.pdf","xml/openmind.opmia00131.xml",TRUE,TRUE,TRUE,"0.9","2026-06-21","CC-BY 4.0"
"10.1162/opmi_a_00177","opmia00177","What Kinds of Computations Can Young Children Perform Over Non-Symbolic Representations of Small Quantities?",2025,"pdf/openmind.opmia00177.pdf","xml/openmind.opmia00177.xml",TRUE,TRUE,TRUE,"0.9","2026-06-21","CC-BY 4.0"